{
  "status": "ok",
  "ch": "market.btcusdt.kline.1day",
  "ts": 1556001298589,
  "data": [
    {
      "id": 13990102,
      "open": 5279.050000000000000000,
      "close": 5488.320000000000000000,
      "low": 5251.010000000000000000,
      "high": 5605.000000000000000000,
      "amount": 21041.450514633069372264,
      "vol": 113943153.589478808270207433430000000000000000,
      "count": 115536
    },
    {
      "id": 13990103,
      "open": 5238.100000000000000000,
      "close": 5279.050000000000000000,
      "low": 5191.770000000000000000,
      "high": 5350.000000000000000000,
      "amount": 13497.779926508495506807,
      "vol": 70946383.039370702897122154910000000000000000,
      "count": 121009
    },
    {
      "id": 13990104,
      "open": 5290.080000000000000000,
      "close": 5238.100000000000000000,
      "low": 5172.200000000000000000,
      "high": 5312.590000000000000000,
      "amount": 15722.378585779921933244,
      "vol": 82652961.515190057371262103390000000000000000,
      "count": 150378
    },
    {
      "id": 13990105,
      "open": 5263.170000000000000000,
      "close": 5290.080000000000000000,
      "low": 5228.000000000000000000,
      "high": 5333.000000000000000000,
      "amount": 11122.159976939182347606,
      "vol": 58754223.240920276950532700670000000000000000,
      "count": 110990
    }
  ]
}